{
	"partitions" : [
		{
			"name" : "Top",
			"pins" : [
				{
					"name" : "a",
					"strict" : false
				},
				{
					"name" : "b",
					"strict" : false
				},
				{
					"name" : "c",
					"strict" : false
				},
				{
					"name" : "d",
					"strict" : false
				},
				{
					"name" : "e",
					"strict" : false
				},
				{
					"name" : "f",
					"strict" : false
				},
				{
					"name" : "g",
					"strict" : false
				},
				{
					"name" : "s1",
					"strict" : false
				},
				{
					"name" : "s2",
					"strict" : false
				},
				{
					"name" : "up_down",
					"strict" : false
				},
				{
					"name" : "stop",
					"strict" : false
				},
				{
					"name" : "reset",
					"strict" : false
				},
				{
					"name" : "clk",
					"strict" : false
				}
			]
		}
	]
}